<?xml version="1.0" encoding="UTF-8" ?>
<XMLDB PATH="mod/studentattendance/db" VERSION="20101203" COMMENT="XMLDB file for Moodle mod/exam"
    xmlns:xsi="http://www.w3.org/2001/XMLSchema-instance"
    xsi:noNamespaceSchemaLocation="../../../lib/xmldb/xmldb.xsd"
>
  <TABLES>
    <TABLE NAME="studentattendance" COMMENT="Default comment for exam, please edit me">
      <FIELDS>
        <FIELD NAME="id" TYPE="int" LENGTH="10" NOTNULL="true" UNSIGNED="true" SEQUENCE="true"/>
        <FIELD NAME="course" TYPE="int" LENGTH="10" NOTNULL="true" UNSIGNED="true" SEQUENCE="false" COMMENT="Course exam activity belongs to"/>
        <FIELD NAME="name" TYPE="char" LENGTH="255" NOTNULL="true" SEQUENCE="false" COMMENT="name field for moodle instances"/>
		    <FIELD NAME="intro" TYPE="text" NOTNULL="true" SEQUENCE="false" COMMENT="General introduction of the exam activity"/>
        <FIELD NAME="introformat" TYPE="int" LENGTH="4" NOTNULL="true" UNSIGNED="true" DEFAULT="0" SEQUENCE="false" COMMENT="Format of the intro field (MOODLE, HTML, MARKDOWN...)"/>
        <FIELD NAME="timecreated" TYPE="int" LENGTH="10" NOTNULL="true" UNSIGNED="true" SEQUENCE="false"/>
        <FIELD NAME="timemodified" TYPE="int" LENGTH="10" NOTNULL="true" UNSIGNED="true" DEFAULT="0" SEQUENCE="false"/>
      </FIELDS>
      <KEYS>
        <KEY NAME="primary" TYPE="primary" FIELDS="id"/>
      </KEYS>
      <INDEXES>
        <INDEX NAME="course" UNIQUE="false" FIELDS="course"/>
      </INDEXES>
    </TABLE>
	<TABLE NAME="studentattendance_details" COMMENT="user session.">
      <FIELDS>
        <FIELD NAME="id" TYPE="int" LENGTH="10" NOTNULL="true" SEQUENCE="true"/>
		    <FIELD NAME="attendanceid" TYPE="int" LENGTH="10" NOTNULL="false" SEQUENCE="false" COMMENT="name field for moodle instances"/>
        <FIELD NAME="sessionid" TYPE="int" LENGTH="10" NOTNULL="false" SEQUENCE="false"/>
        <FIELD NAME="userid" TYPE="int" LENGTH="10" NOTNULL="false" SEQUENCE="false"/>
        <FIELD NAME="status" TYPE="char" LENGTH="255" NOTNULL="false" DEFAULT="0" SEQUENCE="false"/>
        <FIELD NAME="remarks" TYPE="char" LENGTH="255" NOTNULL="false" DEFAULT="0" SEQUENCE="false"/>
	    	<FIELD NAME="takenby" TYPE="int" LENGTH="10" NOTNULL="true" UNSIGNED="true" SEQUENCE="false"/>
        <FIELD NAME="timemodified" TYPE="int" LENGTH="10" NOTNULL="true" UNSIGNED="true" DEFAULT="0" SEQUENCE="false"/>
      </FIELDS>
      <KEYS>
        <KEY NAME="primary" TYPE="primary" FIELDS="id"/>
      </KEYS>
    </TABLE>
	</TABLES>
</XMLDB>
